Rank,Team Number,Location,Time,Image Score,Adjustment,Cisco Score,Total Score
1,16-1393,CA,03:56:59,281.0,-10.00,97.0,368.0
2,16-0153,MI,03:54:55,268.0,0.00,93.0,361.0
3,16-2250,CA,03:46:57,262.0,0.00,91.0,353.0
4,16-1395,CA,03:51:48,257.0,0.00,95.0,352.0
5,16-1394,CA,03:51:57,248.0,0.00,94.0,342.0
6,16-0690,OR,03:48:55,239.0,0.00,97.0,336.0
7,16-2111,MD,03:56:56,233.0,0.00,96.0,329.0
8,16-1640,IN,03:34:06,258.0,0.00,66.0,324.0
9,16-2220,CA,03:55:56,229.0,0.00,92.0,321.0
10,16-4152,CO,03:42:59,236.0,0.00,80.0,316.0
11,16-1399,CA,03:30:56,237.0,0.00,76.0,313.0
12,16-1593,CA,03:49:00,217.0,0.00,96.0,313.0
13,16-3881,CA,03:51:00,227.0,0.00,86.0,313.0
14,16-1678,CAN,03:47:59,231.0,0.00,81.0,312.0
15,16-1398,CA,03:58:04,235.0,0.00,76.0,311.0
16,16-1594,CA,03:49:55,234.0,0.00,76.0,310.0
17,16-1331,CA,03:45:06,226.0,0.00,83.0,309.0
18,16-1662,CA,03:32:59,216.0,0.00,90.0,306.0
19,16-2958,CA,03:38:59,240.0,0.00,66.0,306.0
20,16-1400,CA,03:46:59,227.0,0.00,79.0,306.0
21,16-0912,CAN,03:50:52,227.0,0.00,78.0,305.0
22,16-1345,CA,03:51:55,214.0,0.00,91.0,305.0
23,16-0350,CO,03:24:58,228.0,0.00,75.0,303.0
24,16-1595,CA,03:45:56,225.0,0.00,63.0,288.0
25,16-1597,CA,03:59:56,221.0,0.00,66.0,287.0
26,16-0155,MI,03:55:56,223.0,0.00,63.0,286.0
27,16-2113,MD,03:53:55,190.0,0.00,95.0,285.0
28,16-0513,CO,03:56:59,219.0,0.00,65.0,284.0
29,16-2221,CA,03:44:07,207.0,0.00,74.0,281.0
30,16-3433,CAN,03:41:55,188.0,0.00,92.0,280.0
31,16-1641,IN,03:48:55,202.0,0.00,78.0,280.0
32,16-2791,CA,03:53:06,184.0,0.00,92.0,276.0
33,16-1333,CA,03:36:01,182.0,0.00,93.0,275.0
34,16-0510,TX,03:44:02,202.0,0.00,73.0,275.0
35,16-3515,TX,03:56:56,204.0,0.00,71.0,275.0
36,16-1769,IL,03:29:55,194.0,0.00,79.0,273.0
37,16-1110,VA,03:47:56,203.0,0.00,68.0,271.0
38,16-2054,MD,03:36:56,202.0,0.00,68.0,270.0
39,16-1630,CA,03:42:00,189.0,0.00,77.0,266.0
40,16-1926,CAN,03:44:56,184.0,0.00,78.0,262.0
41,16-0691,OR,03:54:55,185.0,-10.00,87.0,262.0
42,16-3523,MD,03:55:06,197.0,0.00,64.0,261.0
43,16-0451,GA,03:40:57,173.0,0.00,86.0,259.0
44,16-1598,CA,03:45:59,208.0,-10.00,61.0,259.0
45,16-0692,OR,03:54:59,195.0,-10.00,73.0,258.0
46,16-0174,OK,03:51:55,183.0,0.00,74.0,257.0
47,16-1680,CAN,03:56:03,181.0,0.00,76.0,257.0
48,16-0064,NY,03:55:55,175.0,0.00,81.0,256.0
49,16-0919,OK,03:44:04,181.0,0.00,74.0,255.0
50,16-0154,MI,03:59:56,225.0,-10.00,39.0,254.0
51,16-4168,GA,03:52:56,189.0,0.00,64.0,253.0
52,16-3003,FL,03:42:00,176.0,0.00,76.0,252.0
53,16-2114,MD,03:49:56,184.0,-10.00,76.0,250.0
54,16-2080,TX,03:33:55,178.0,0.00,71.0,249.0
55,16-1633,CA,03:43:59,174.0,0.00,75.0,249.0
56,16-2118,MD,03:44:55,187.0,-10.00,72.0,249.0
57,16-1663,CA,03:52:59,168.0,0.00,81.0,249.0
58,16-2109,CA,03:37:55,171.0,0.00,77.0,248.0
59,16-0820,KS,03:51:51,204.0,0.00,44.0,248.0
60,16-2984,CA,03:52:02,182.0,0.00,66.0,248.0
61,16-1679,CAN,03:52:56,169.0,0.00,79.0,248.0
62,16-3508,TX,03:53:00,188.0,0.00,60.0,248.0
63,16-1214,MD,03:41:05,158.0,0.00,89.0,247.0
64,16-4262,TX,03:57:59,175.0,0.00,71.0,246.0
65,16-0514,CO,25:55:00,119.0,62.00,65.0,246.0
66,16-2110,CA,03:43:17,172.0,0.00,73.0,245.0
67,16-1403,CA,03:49:00,166.0,0.00,79.0,245.0
68,16-1664,CA,03:46:56,181.0,0.00,62.0,243.0
69,16-1850,CAN,03:45:56,170.0,0.00,72.0,242.0
70,16-4009,NY,03:48:59,154.0,0.00,88.0,242.0
71,16-4007,NY,03:51:06,154.0,0.00,88.0,242.0
72,16-1346,CA,03:56:56,153.0,0.00,89.0,242.0
73,16-1845,VA,03:57:56,154.0,0.00,88.0,242.0
74,16-2758,OK,03:45:03,173.0,0.00,68.0,241.0
75,16-0210,NJ,03:54:18,173.0,0.00,68.0,241.0
76,16-1451,MO,03:41:00,157.0,0.00,83.0,240.0
77,16-1406,CA,03:29:44,161.0,0.00,78.0,239.0
78,16-1385,CA,03:50:55,164.0,0.00,75.0,239.0
79,16-4005,NY,03:51:38,154.0,0.00,85.0,239.0
80,16-3295,TX,03:39:55,147.0,0.00,91.0,238.0
81,16-1896,CAN,03:44:55,150.0,0.00,88.0,238.0
82,16-0200,VA,03:45:59,148.0,0.00,90.0,238.0
83,16-0067,GA,03:58:53,158.0,0.00,80.0,238.0
84,16-2393,NV,03:43:00,162.0,0.00,75.0,237.0
85,16-1846,VA,03:53:06,150.0,0.00,87.0,237.0
86,16-1927,CAN,03:52:00,186.0,0.00,50.0,236.0
87,16-2417,AL,03:54:59,150.0,0.00,86.0,236.0
88,16-0608,GA,03:56:06,159.0,0.00,77.0,236.0
89,16-2521,IL,03:53:58,199.0,-10.00,46.0,235.0
90,16-3514,TX,03:55:55,156.0,0.00,79.0,235.0
91,16-3771,CA,03:18:01,159.0,0.00,75.0,234.0
92,16-1745,CA,03:52:14,164.0,0.00,70.0,234.0
93,16-2044,TX,03:46:56,174.0,0.00,59.0,233.0
94,16-3596,CA,03:49:58,160.0,0.00,73.0,233.0
95,16-1682,WA,03:52:02,175.0,0.00,58.0,233.0
96,16-3015,IA,03:45:55,163.0,0.00,69.0,232.0
97,16-3883,CA,03:49:10,179.0,-10.00,63.0,232.0
98,16-3434,CAN,03:54:02,176.0,0.00,55.0,231.0
99,16-4221,HI,03:55:01,178.0,0.00,53.0,231.0
100,16-0054,TN,03:57:03,159.0,0.00,72.0,231.0
101,16-1475,VA,03:47:05,143.0,0.00,87.0,230.0
102,16-3766,CA,03:48:59,143.0,0.00,87.0,230.0
103,16-2112,MD,03:53:57,148.0,0.00,82.0,230.0
104,16-1727,VA,03:58:56,137.0,0.00,93.0,230.0
105,16-2359,CA,03:56:53,162.0,0.00,66.0,228.0
106,16-1405,CA,03:47:57,168.0,0.00,59.0,227.0
107,16-3435,CAN,03:53:56,156.0,0.00,71.0,227.0
108,16-2115,MD,03:36:56,154.0,0.00,72.0,226.0
109,16-1761,CA,03:41:56,153.0,0.00,73.0,226.0
110,16-0345,GA,03:52:56,149.0,0.00,77.0,226.0
111,16-1574,VA,03:54:06,145.0,0.00,81.0,226.0
112,16-3577,MD,03:10:57,149.0,0.00,76.0,225.0
113,16-0609,GA,03:13:00,153.0,0.00,72.0,225.0
114,16-3172,CA,03:17:07,149.0,0.00,76.0,225.0
115,16-2740,TX,03:54:59,160.0,0.00,65.0,225.0
116,16-3745,SC,03:28:57,160.0,0.00,64.0,224.0
117,16-1010,MO,03:58:33,166.0,0.00,58.0,224.0
118,16-2251,CA,03:09:57,168.0,0.00,55.0,223.0
119,16-3330,TX,03:15:59,170.0,0.00,53.0,223.0
120,16-4476,CA,03:17:56,161.0,0.00,62.0,223.0
121,16-4660,MN,03:49:31,151.0,0.00,72.0,223.0
122,16-1203,CAN,03:51:55,154.0,0.00,69.0,223.0
123,16-0607,GA,03:54:00,138.0,0.00,85.0,223.0
124,16-1202,CAN,03:55:59,157.0,0.00,66.0,223.0
125,16-4103,HI,03:46:59,162.0,0.00,60.0,222.0
126,16-0922,TX,03:52:59,156.0,0.00,66.0,222.0
127,16-2267,CAN,03:55:59,143.0,0.00,79.0,222.0
128,16-3273,TX,03:40:55,155.0,0.00,66.0,221.0
129,16-2607,CA,03:57:56,155.0,0.00,66.0,221.0
130,16-3765,TX,03:38:59,150.0,-10.00,80.0,220.0
131,16-1158,OR,03:47:04,178.0,0.00,42.0,220.0
132,16-0923,TX,03:47:59,145.0,0.00,75.0,220.0
133,16-0071,GA,03:57:55,135.0,0.00,85.0,220.0
134,16-2222,CA,03:57:56,152.0,-10.00,77.0,219.0
135,16-3417,TX,04:00:05,148.0,-14.00,85.0,219.0
136,16-2223,CA,03:44:59,141.0,0.00,77.0,218.0
137,16-4225,CO,03:47:00,150.0,0.00,68.0,218.0
138,16-1913,CA,03:34:56,128.0,0.00,89.0,217.0
139,16-1665,CA,03:42:55,164.0,0.00,53.0,217.0
140,16-1455,CA,03:49:56,156.0,0.00,61.0,217.0
141,16-2358,CA,03:56:07,145.0,0.00,72.0,217.0
142,16-2005,CA,03:57:01,144.0,0.00,73.0,217.0
143,16-3513,TX,03:31:28,153.0,0.00,63.0,216.0
144,16-2055,MD,03:35:58,170.0,0.00,46.0,216.0
145,16-0502,CA,03:50:06,137.0,0.00,79.0,216.0
146,16-3132,AZ,03:19:56,134.0,0.00,81.0,215.0
147,16-0780,NJ,03:43:06,131.0,0.00,84.0,215.0
148,16-4827,CA,03:45:55,142.0,0.00,73.0,215.0
149,16-0009,AL,03:53:05,151.0,0.00,64.0,215.0
150,16-1938,TX,03:47:55,141.0,0.00,73.0,214.0
151,16-1347,CA,03:47:59,157.0,0.00,57.0,214.0
152,16-1697,MA,03:48:55,125.0,0.00,89.0,214.0
153,16-0918,TX,03:51:55,136.0,0.00,78.0,214.0
154,16-2082,TX,03:52:03,146.0,0.00,67.0,213.0
155,16-3767,CA,03:54:58,135.0,0.00,78.0,213.0
156,16-4932,NJ,03:57:11,135.0,0.00,78.0,213.0
157,16-4545,CA,03:54:01,173.0,0.00,38.0,211.0
158,16-2079,VA,03:55:09,135.0,0.00,75.0,210.0
159,16-3129,UT,03:56:55,156.0,0.00,54.0,210.0
160,16-4189,GA,03:58:02,153.0,-10.00,67.0,210.0
161,16-1499,CA,03:03:00,133.0,0.00,76.0,209.0
162,16-0376,CO,03:43:56,166.0,0.00,43.0,209.0
163,16-2249,CA,03:47:55,144.0,0.00,65.0,209.0
164,16-1525,ID,03:54:55,123.0,0.00,86.0,209.0
165,16-2471,FL,03:43:01,141.0,0.00,67.0,208.0
166,16-4512,NJ,03:47:06,137.0,0.00,71.0,208.0
167,16-2870,TX,03:51:58,153.0,0.00,55.0,208.0
168,16-1844,VA,03:59:05,131.0,-10.00,87.0,208.0
169,16-2149,VA,03:05:56,147.0,0.00,60.0,207.0
170,16-3893,CA,03:31:04,137.0,0.00,70.0,207.0
171,16-1112,VA,03:56:59,127.0,0.00,80.0,207.0
172,16-3755,CA,03:58:06,132.0,0.00,75.0,207.0
173,16-1830,VA,03:42:55,146.0,0.00,60.0,206.0
174,16-2203,OH,03:46:56,168.0,0.00,38.0,206.0
175,16-4843,CA,03:48:59,124.0,0.00,82.0,206.0
176,16-3436,CAN,03:54:03,139.0,0.00,67.0,206.0
177,16-1074,CA,03:58:01,135.0,0.00,71.0,206.0
178,16-2972,CO,03:48:59,130.0,0.00,75.0,205.0
179,16-1323,IL,03:53:59,135.0,0.00,70.0,205.0
180,16-0055,SC,03:08:56,131.0,0.00,73.0,204.0
181,16-1728,VA,03:42:04,121.0,0.00,83.0,204.0
182,16-0782,FL,03:52:58,154.0,0.00,50.0,204.0
183,16-1140,MD,03:30:55,135.0,0.00,68.0,203.0
184,16-1963,TX,03:31:57,129.0,0.00,74.0,203.0
185,16-1690,CA,03:47:22,132.0,0.00,71.0,203.0
186,16-4297,WA,03:49:56,161.0,0.00,42.0,203.0
187,16-0053,OH,03:38:08,140.0,0.00,62.0,202.0
188,16-0729,TN,03:46:56,139.0,0.00,63.0,202.0
189,16-3450,IL,03:49:57,168.0,0.00,34.0,202.0
190,16-1290,MI,03:17:59,166.0,0.00,35.0,201.0
191,16-3112,NY,03:31:59,136.0,0.00,65.0,201.0
192,16-2633,AL,03:33:57,131.0,0.00,70.0,201.0
193,16-0926,TX,03:47:01,139.0,0.00,62.0,201.0
194,16-3327,TX,04:00:55,154.0,-16.00,63.0,201.0
195,16-0276,NY,02:57:55,125.0,0.00,75.0,200.0
196,16-3522,MD,03:46:55,152.0,-20.00,68.0,200.0
197,16-1144,LA,03:50:06,139.0,0.00,61.0,200.0
198,16-1159,OR,03:54:59,144.0,0.00,56.0,200.0
199,16-0776,NJ,03:56:01,116.0,0.00,84.0,200.0
200,16-3526,MD,03:57:56,155.0,0.00,45.0,200.0
201,16-0517,FL,03:33:55,143.0,0.00,56.0,199.0
202,16-1644,PA,03:36:55,109.0,0.00,90.0,199.0
203,16-4421,IN,03:43:58,131.0,0.00,68.0,199.0
204,16-0778,NJ,03:52:55,133.0,0.00,66.0,199.0
205,16-4557,NJ,03:54:06,136.0,0.00,63.0,199.0
206,16-3516,TX,03:55:59,150.0,0.00,49.0,199.0
207,16-1498,TX,03:48:59,144.0,0.00,54.0,198.0
208,16-2557,FL,03:49:56,151.0,0.00,47.0,198.0
209,16-0554,VA,03:51:56,134.0,0.00,64.0,198.0
210,16-2798,CA,03:56:58,118.0,0.00,80.0,198.0
211,16-1722,CA,03:38:56,129.0,0.00,68.0,197.0
212,16-0344,GA,03:41:55,122.0,0.00,75.0,197.0
213,16-0661,IN,03:41:57,153.0,0.00,44.0,197.0
214,16-3089,CO,03:43:56,151.0,0.00,46.0,197.0
215,16-1744,CA,03:50:02,135.0,0.00,62.0,197.0
216,16-1485,VA,03:53:01,121.0,0.00,76.0,197.0
217,16-4033,FL,03:55:59,133.0,0.00,64.0,197.0
218,16-3824,TX,03:58:05,134.0,0.00,63.0,197.0
219,16-4034,FL,04:01:05,134.0,-8.00,71.0,197.0
220,16-3405,AE,03:33:59,160.0,0.00,36.0,196.0
221,16-0485,CA,03:50:56,156.0,0.00,40.0,196.0
222,16-1852,MD,03:51:38,129.0,-10.00,77.0,196.0
223,16-4546,CA,03:52:59,161.0,-10.00,45.0,196.0
224,16-2029,NV,03:55:59,135.0,0.00,61.0,196.0
225,16-4745,TX,03:57:59,137.0,0.00,59.0,196.0
226,16-2028,NV,03:45:56,118.0,0.00,77.0,195.0
227,16-2902,HI,03:51:00,122.0,0.00,73.0,195.0
228,16-4031,FL,03:52:59,134.0,0.00,61.0,195.0
229,16-1517,CT,03:54:00,121.0,0.00,74.0,195.0
230,16-4029,FL,03:56:00,130.0,0.00,65.0,195.0
231,16-4841,CA,03:58:11,142.0,0.00,53.0,195.0
232,16-1480,VA,04:12:57,125.0,-7.00,77.0,195.0
233,16-2119,MD,03:21:57,136.0,0.00,58.0,194.0
234,16-1335,TX,03:48:02,133.0,0.00,61.0,194.0
235,16-2120,MD,03:49:56,154.0,0.00,40.0,194.0
236,16-0471,PA,03:53:58,125.0,0.00,69.0,194.0
237,16-0045,SC,03:53:55,132.0,0.00,61.0,193.0
238,16-3571,VA,03:55:00,147.0,0.00,46.0,193.0
239,16-4515,NJ,03:45:11,131.0,0.00,61.0,192.0
240,16-2083,TX,03:48:57,114.0,0.00,78.0,192.0
241,16-2818,OH,03:49:56,145.0,-10.00,57.0,192.0
242,16-1137,OH,03:59:33,130.0,0.00,62.0,192.0
243,16-1752,CA,03:36:07,136.0,0.00,55.0,191.0
244,16-3498,CO,03:46:01,129.0,0.00,62.0,191.0
245,16-1851,CAN,03:46:57,127.0,0.00,64.0,191.0
246,16-1060,IN,03:46:58,146.0,0.00,45.0,191.0
247,16-0887,CA,03:51:32,144.0,0.00,47.0,191.0
248,16-4514,NJ,03:21:56,112.0,0.00,78.0,190.0
249,16-0201,VA,03:33:00,127.0,0.00,63.0,190.0
250,16-1763,CA,03:45:55,123.0,0.00,67.0,190.0
251,16-0924,TX,03:48:58,139.0,0.00,51.0,190.0
252,16-4792,TX,03:51:58,119.0,0.00,71.0,190.0
253,16-1988,CAN,03:53:56,115.0,0.00,75.0,190.0
254,16-4056,VA,03:56:55,112.0,0.00,78.0,190.0
255,16-0519,TX,03:47:10,130.0,0.00,58.0,188.0
256,16-3518,TX,03:49:58,119.0,0.00,69.0,188.0
257,16-0456,VA,03:56:01,133.0,-10.00,65.0,188.0
258,16-3927,OK,03:38:34,136.0,0.00,51.0,187.0
259,16-3331,TX,03:43:55,163.0,0.00,24.0,187.0
260,16-1211,TX,03:50:05,131.0,0.00,56.0,187.0
261,16-5223,PA,03:55:59,119.0,0.00,68.0,187.0
262,16-0486,CA,03:57:59,117.0,0.00,70.0,187.0
263,16-4955,TX,03:59:01,123.0,0.00,64.0,187.0
264,16-1849,VA,03:42:00,114.0,0.00,72.0,186.0
265,16-0239,RI,03:42:56,119.0,0.00,67.0,186.0
266,16-0644,NC,03:44:56,108.0,0.00,78.0,186.0
267,16-2796,CA,03:47:59,119.0,0.00,67.0,186.0
268,16-4190,GA,03:51:59,123.0,0.00,63.0,186.0
269,16-4444,AZ,03:52:00,134.0,-20.00,72.0,186.0
270,16-2782,CA,03:56:58,106.0,0.00,80.0,186.0
271,16-2032,NV,03:58:31,106.0,0.00,80.0,186.0
272,16-2966,TX,03:39:59,141.0,0.00,44.0,185.0
273,16-0588,NH,03:44:55,109.0,0.00,76.0,185.0
274,16-1195,IL,03:50:00,123.0,0.00,62.0,185.0
275,16-1719,CA,03:52:56,112.0,0.00,73.0,185.0
276,16-1833,VA,03:54:00,140.0,-10.00,55.0,185.0
277,16-4044,AL,03:57:59,118.0,0.00,67.0,185.0
278,16-4878,CAN,03:01:00,112.0,0.00,72.0,184.0
279,16-3374,WY,03:42:00,117.0,0.00,67.0,184.0
280,16-4294,WA,03:43:59,102.0,0.00,82.0,184.0
281,16-3235,MA,03:53:57,154.0,0.00,30.0,184.0
282,16-3860,RI,03:56:16,114.0,0.00,70.0,184.0
283,16-0550,VA,03:56:20,115.0,0.00,69.0,184.0
284,16-4647,CO,03:26:56,128.0,0.00,55.0,183.0
285,16-0168,AR,03:34:59,127.0,0.00,56.0,183.0
286,16-2230,CA,03:42:06,119.0,0.00,64.0,183.0
287,16-2041,NC,03:43:02,117.0,0.00,66.0,183.0
288,16-4741,TX,04:00:48,141.0,-35.00,77.0,183.0
289,16-0818,IL,03:21:06,138.0,0.00,44.0,182.0
290,16-3373,WY,03:28:56,126.0,0.00,56.0,182.0
291,16-4830,CA,03:36:59,116.0,0.00,66.0,182.0
292,16-4335,CA,03:44:55,109.0,0.00,73.0,182.0
293,16-0917,TX,03:46:06,118.0,0.00,64.0,182.0
294,16-5225,PA,03:53:57,111.0,0.00,71.0,182.0
295,16-2027,NV,03:40:56,112.0,0.00,69.0,181.0
296,16-0909,CAN,03:44:00,105.0,0.00,76.0,181.0
297,16-2004,CA,03:49:48,116.0,0.00,65.0,181.0
298,16-2108,CAN,03:58:01,116.0,0.00,65.0,181.0
299,16-4605,OK,02:51:02,106.0,0.00,74.0,180.0
300,16-2483,TX,03:38:05,101.0,0.00,79.0,180.0
301,16-3296,TX,03:44:00,144.0,0.00,36.0,180.0
302,16-1006,CA,03:46:59,142.0,0.00,38.0,180.0
303,16-1883,TX,03:50:55,131.0,0.00,49.0,180.0
304,16-0060,TN,03:52:55,113.0,0.00,67.0,180.0
305,16-0059,TN,03:56:56,123.0,0.00,57.0,180.0
306,16-1477,VA,03:59:00,103.0,0.00,77.0,180.0
307,16-4205,MD,03:35:59,108.0,0.00,71.0,179.0
308,16-1213,MD,03:37:56,112.0,0.00,67.0,179.0
309,16-0195,MI,03:41:02,109.0,0.00,70.0,179.0
310,16-0890,CA,03:44:01,110.0,0.00,69.0,179.0
311,16-2495,FL,03:47:35,123.0,0.00,56.0,179.0
312,16-1834,VA,03:47:58,129.0,0.00,50.0,179.0
313,16-4655,VA,03:50:09,98.0,0.00,81.0,179.0
314,16-3921,GA,03:57:00,107.0,0.00,72.0,179.0
315,16-0232,OH,03:47:59,121.0,0.00,57.0,178.0
316,16-2473,FL,03:49:59,150.0,0.00,28.0,178.0
317,16-4599,OK,03:51:01,160.0,0.00,18.0,178.0
318,16-2248,CA,03:52:00,122.0,0.00,56.0,178.0
319,16-1730,VA,03:54:00,113.0,0.00,65.0,178.0
320,16-3465,IL,03:57:29,124.0,-10.00,64.0,178.0
321,16-3605,CA,03:10:58,99.0,0.00,78.0,177.0
322,16-2794,CA,03:20:57,137.0,0.00,40.0,177.0
323,16-0529,IL,03:47:56,153.0,0.00,24.0,177.0
324,16-2688,CA,03:51:55,122.0,0.00,55.0,177.0
325,16-1590,CA,03:52:57,114.0,0.00,63.0,177.0
326,16-4112,CA,03:57:56,115.0,0.00,62.0,177.0
327,16-3258,MI,03:59:00,124.0,0.00,53.0,177.0
328,16-2176,CA,03:59:03,125.0,0.00,52.0,177.0
329,16-2875,TX,03:17:59,120.0,0.00,56.0,176.0
330,16-3162,IL,03:36:55,116.0,0.00,60.0,176.0
331,16-2686,KS,03:40:58,122.0,0.00,54.0,176.0
332,16-0404,VA,03:55:05,104.0,0.00,72.0,176.0
333,16-0029,SC,03:56:06,103.0,0.00,73.0,176.0
334,16-1968,VA,03:09:57,148.0,0.00,27.0,175.0
335,16-3300,MI,03:40:01,119.0,0.00,56.0,175.0
336,16-0616,GA,03:45:56,130.0,0.00,45.0,175.0
337,16-1934,CAN,03:55:58,98.0,0.00,77.0,175.0
338,16-4560,IL,03:58:03,128.0,0.00,47.0,175.0
339,16-4619,NC,03:58:05,151.0,0.00,24.0,175.0
340,16-2568,AL,03:34:06,100.0,0.00,74.0,174.0
341,16-4192,GA,03:38:00,113.0,0.00,61.0,174.0
342,16-3274,TX,03:38:56,115.0,0.00,59.0,174.0
343,16-3317,WI,03:40:59,112.0,-20.00,82.0,174.0
344,16-3313,TX,03:44:00,102.0,0.00,72.0,174.0
345,16-1589,CA,03:54:06,103.0,0.00,71.0,174.0
346,16-1832,VA,03:10:59,146.0,0.00,27.0,173.0
347,16-3271,VT,03:30:55,141.0,0.00,32.0,173.0
348,16-2677,FL,03:42:00,137.0,0.00,36.0,173.0
349,16-4800,TX,03:48:59,123.0,-20.00,70.0,173.0
350,16-0911,CAN,03:49:57,104.0,0.00,69.0,173.0
351,16-1364,FL,03:54:58,122.0,0.00,51.0,173.0
352,16-4292,WA,03:57:55,114.0,0.00,59.0,173.0
353,16-3520,TX,03:24:59,97.0,0.00,75.0,172.0
354,16-1009,CA,03:41:02,148.0,0.00,24.0,172.0
355,16-2036,NV,03:30:07,100.0,0.00,71.0,171.0
356,16-1484,VA,03:39:08,119.0,0.00,52.0,171.0
357,16-0825,NV,03:39:14,118.0,0.00,53.0,171.0
358,16-0568,GA,03:43:55,122.0,0.00,49.0,171.0
359,16-1835,VA,03:54:55,104.0,0.00,67.0,171.0
360,16-3929,TX,03:55:56,122.0,0.00,49.0,171.0
361,16-2003,CA,03:36:56,111.0,0.00,59.0,170.0
362,16-0346,GA,03:41:55,85.0,0.00,85.0,170.0
363,16-1479,VA,03:47:01,95.0,0.00,75.0,170.0
364,16-0667,TX,03:54:00,101.0,0.00,69.0,170.0
365,16-3931,TX,03:54:07,140.0,-10.00,40.0,170.0
366,16-3485,OK,03:25:01,129.0,0.00,40.0,169.0
367,16-3341,TX,03:28:58,98.0,0.00,71.0,169.0
368,16-1676,NJ,03:35:58,108.0,0.00,61.0,169.0
369,16-2224,CA,03:39:08,108.0,0.00,61.0,169.0
370,16-4293,WA,03:43:59,101.0,0.00,68.0,169.0
371,16-4798,TX,03:55:55,100.0,0.00,68.0,168.0
372,16-4883,CAN,03:46:58,88.0,0.00,79.0,167.0
373,16-0693,OR,03:48:56,118.0,0.00,49.0,167.0
374,16-4307,MD,03:49:00,116.0,-10.00,61.0,167.0
375,16-3102,FL,03:49:03,120.0,0.00,47.0,167.0
376,16-3519,TX,03:49:58,114.0,0.00,53.0,167.0
377,16-3599,CA,03:56:06,120.0,-10.00,57.0,167.0
378,16-2681,HI,03:57:57,136.0,0.00,31.0,167.0
379,16-2904,CA,03:57:58,99.0,0.00,68.0,167.0
380,16-3127,TX,03:23:55,108.0,0.00,58.0,166.0
381,16-0172,OK,03:30:00,145.0,0.00,21.0,166.0
382,16-0777,NJ,03:43:56,91.0,0.00,75.0,166.0
383,16-3319,TX,03:47:56,99.0,0.00,67.0,166.0
384,16-1936,TX,03:55:56,107.0,0.00,59.0,166.0
385,16-4213,VA,03:58:06,108.0,0.00,58.0,166.0
386,16-0444,OK,01:56:56,94.0,0.00,71.0,165.0
387,16-3930,TX,03:23:00,99.0,0.00,66.0,165.0
388,16-2707,TX,03:49:59,89.0,0.00,76.0,165.0
389,16-1186,MD,03:52:55,121.0,0.00,44.0,165.0
390,16-3325,TX,03:54:10,110.0,0.00,55.0,165.0
391,16-5054,MD,03:49:12,93.0,0.00,71.0,164.0
392,16-0528,CAN,03:49:42,125.0,0.00,39.0,164.0
393,16-2043,MD,03:54:09,146.0,0.00,18.0,164.0
394,16-4198,CA,03:28:37,139.0,0.00,24.0,163.0
395,16-3096,SC,03:33:00,107.0,0.00,56.0,163.0
396,16-1602,WA,03:48:01,95.0,0.00,68.0,163.0
397,16-1820,VA,03:50:59,111.0,0.00,52.0,163.0
398,16-0106,HI,03:52:59,95.0,-10.00,78.0,163.0
399,16-1488,VA,03:53:58,90.0,0.00,73.0,163.0
400,16-1199,CA,03:54:00,108.0,0.00,55.0,163.0
401,16-4032,FL,04:00:59,124.0,-25.00,64.0,163.0
402,16-4578,MD,02:45:55,99.0,0.00,63.0,162.0
403,16-0928,VA,03:31:00,135.0,0.00,27.0,162.0
404,16-3005,FL,03:44:58,101.0,0.00,61.0,162.0
405,16-1293,MI,03:51:59,110.0,-10.00,62.0,162.0
406,16-5188,MA,03:57:56,100.0,0.00,62.0,162.0
407,16-0982,WI,03:20:56,110.0,0.00,51.0,161.0
408,16-1422,VA,03:35:00,123.0,0.00,38.0,161.0
409,16-0233,OH,03:41:06,122.0,0.00,39.0,161.0
410,16-3390,MI,03:50:55,78.0,0.00,83.0,161.0
411,16-2130,IN,03:51:58,136.0,0.00,25.0,161.0
412,16-4803,TX,03:52:58,123.0,-10.00,48.0,161.0
413,16-4615,VA,03:53:55,113.0,0.00,48.0,161.0
414,16-0756,NC,03:54:03,122.0,0.00,39.0,161.0
415,16-4519,CA,03:54:21,137.0,0.00,24.0,161.0
416,16-1933,CAN,03:07:55,103.0,0.00,57.0,160.0
417,16-2294,AZ,03:24:55,122.0,0.00,38.0,160.0
418,16-3814,PA,03:48:55,136.0,0.00,24.0,160.0
419,16-0027,CT,03:56:00,103.0,0.00,57.0,160.0
420,16-2736,OK,03:02:56,94.0,0.00,65.0,159.0
421,16-4295,WA,03:46:37,114.0,0.00,45.0,159.0
422,16-1718,CA,03:48:20,92.0,0.00,67.0,159.0
423,16-0700,OR,03:53:55,129.0,0.00,30.0,159.0
424,16-3604,CA,03:55:00,119.0,0.00,40.0,159.0
425,16-1061,TX,03:58:00,124.0,0.00,35.0,159.0
426,16-1111,VA,03:58:06,117.0,0.00,42.0,159.0
427,16-0406,CA,03:38:58,88.0,0.00,70.0,158.0
428,16-4884,CA,03:56:56,117.0,0.00,41.0,158.0
429,16-1201,CAN,03:59:59,94.0,0.00,64.0,158.0
430,16-4176,CO,04:02:00,119.0,-11.00,50.0,158.0
431,16-2757,OK,02:42:59,97.0,0.00,60.0,157.0
432,16-1634,CA,03:15:55,107.0,0.00,50.0,157.0
433,16-1383,CA,03:22:01,118.0,0.00,39.0,157.0
434,16-0725,TX,03:27:56,115.0,0.00,42.0,157.0
435,16-0445,WI,03:28:00,136.0,0.00,21.0,157.0
436,16-0068,CA,03:42:59,117.0,0.00,40.0,157.0
437,16-0452,GA,03:50:00,140.0,-20.00,37.0,157.0
438,16-1685,CA,03:50:50,93.0,0.00,64.0,157.0
439,16-2741,TX,03:52:00,110.0,0.00,47.0,157.0
440,16-1760,CA,03:24:59,113.0,0.00,43.0,156.0
441,16-3588,NY,03:37:56,113.0,0.00,43.0,156.0
442,16-1476,VA,03:43:55,92.0,-10.00,74.0,156.0
443,16-4241,CA,03:30:01,93.0,0.00,62.0,155.0
444,16-0957,MI,03:36:55,147.0,0.00,8.0,155.0
445,16-0611,GA,03:43:55,106.0,0.00,49.0,155.0
446,16-2924,GA,03:51:55,143.0,0.00,12.0,155.0
447,16-1895,CAN,04:00:55,128.0,-16.00,43.0,155.0
448,16-1483,VA,03:37:01,80.0,0.00,74.0,154.0
449,16-0236,OH,03:52:06,131.0,0.00,23.0,154.0
450,16-1332,CA,03:55:01,120.0,0.00,34.0,154.0
451,16-1073,CA,03:57:56,84.0,0.00,70.0,154.0
452,16-4400,NJ,03:26:02,105.0,0.00,48.0,153.0
453,16-2002,CA,03:49:06,116.0,0.00,37.0,153.0
454,16-1487,VA,03:53:57,88.0,0.00,65.0,153.0
455,16-3541,TX,03:58:00,116.0,0.00,37.0,153.0
456,16-0278,NY,03:05:56,86.0,0.00,66.0,152.0
457,16-4577,MD,03:14:55,126.0,0.00,26.0,152.0
458,16-1984,WA,03:47:58,95.0,0.00,57.0,152.0
459,16-3378,GA,03:44:02,98.0,0.00,53.0,151.0
460,16-0683,AL,03:44:05,118.0,0.00,33.0,151.0
461,16-4882,CAN,03:49:59,91.0,0.00,60.0,151.0
462,16-1868,CAN,03:58:00,132.0,0.00,19.0,151.0
463,16-0058,OH,03:29:56,112.0,0.00,38.0,150.0
464,16-0427,OH,03:33:59,99.0,0.00,51.0,150.0
465,16-3130,UT,03:48:55,129.0,0.00,21.0,150.0
466,16-1234,MA,03:50:34,94.0,0.00,56.0,150.0
467,16-2534,CA,03:53:56,133.0,0.00,17.0,150.0
468,16-0578,GA,03:56:59,126.0,0.00,24.0,150.0
469,16-0267,FL,03:58:56,96.0,0.00,54.0,150.0
470,16-1675,OH,03:39:59,90.0,0.00,59.0,149.0
471,16-0078,CA,03:41:55,113.0,0.00,36.0,149.0
472,16-1384,CA,03:43:58,102.0,0.00,47.0,149.0
473,16-3476,MI,03:49:58,125.0,0.00,24.0,149.0
474,16-1229,MA,03:16:57,81.0,0.00,67.0,148.0
475,16-0646,NC,03:19:00,102.0,0.00,46.0,148.0
476,16-0647,NC,03:29:58,81.0,0.00,67.0,148.0
477,16-4493,VA,03:41:55,110.0,0.00,38.0,148.0
478,16-0160,TX,03:53:58,80.0,0.00,68.0,148.0
479,16-0175,OK,03:54:04,130.0,0.00,18.0,148.0
480,16-5265,NV,03:35:59,101.0,0.00,46.0,147.0
481,16-0075,TN,04:01:02,120.0,-12.00,39.0,147.0
482,16-4517,CA,03:36:56,122.0,0.00,24.0,146.0
483,16-1119,CA,03:38:01,105.0,0.00,41.0,146.0
484,16-4331,CA,03:39:56,113.0,0.00,33.0,146.0
485,16-1500,CA,03:42:02,116.0,0.00,30.0,146.0
486,16-2795,CA,03:47:05,112.0,0.00,34.0,146.0
487,16-1646,TX,03:48:02,125.0,0.00,21.0,146.0
488,16-3905,OH,03:21:00,112.0,0.00,33.0,145.0
489,16-0714,FL,03:44:01,100.0,0.00,45.0,145.0
490,16-3769,CA,03:46:56,95.0,0.00,50.0,145.0
491,16-4219,VA,03:57:15,124.0,0.00,21.0,145.0
492,16-4842,CA,03:57:59,90.0,0.00,55.0,145.0
493,16-4518,CA,02:22:56,74.0,0.00,70.0,144.0
494,16-0581,OH,03:29:56,103.0,0.00,41.0,144.0
495,16-0217,IL,03:35:58,93.0,0.00,51.0,144.0
496,16-4598,HI,03:47:00,97.0,0.00,47.0,144.0
497,16-1931,OR,03:49:08,106.0,0.00,38.0,144.0
498,16-4881,VA,03:54:55,111.0,0.00,33.0,144.0
499,16-4847,AE,03:24:55,68.0,0.00,75.0,143.0
500,16-3888,CO,03:31:57,82.0,0.00,61.0,143.0
501,16-0504,CA,03:33:02,101.0,0.00,42.0,143.0
502,16-1990,CAN,03:48:03,97.0,0.00,46.0,143.0
503,16-2647,TX,03:49:59,120.0,0.00,23.0,143.0
504,16-0826,NV,03:52:57,109.0,0.00,34.0,143.0
505,16-1459,CA,03:52:57,81.0,0.00,62.0,143.0
506,16-2876,TX,03:55:56,105.0,0.00,38.0,143.0
507,16-0040,IN,03:39:59,124.0,0.00,18.0,142.0
508,16-0037,IN,03:41:55,86.0,0.00,56.0,142.0
509,16-4420,IN,03:45:59,126.0,0.00,16.0,142.0
510,16-4405,PA,03:46:55,123.0,0.00,19.0,142.0
511,16-1072,CA,03:55:57,111.0,0.00,31.0,142.0
512,16-0408,CA,03:19:54,76.0,0.00,65.0,141.0
513,16-0400,WA,03:32:00,85.0,0.00,56.0,141.0
514,16-0032,SC,03:47:01,116.0,0.00,25.0,141.0
515,16-0455,VA,03:03:55,116.0,0.00,24.0,140.0
516,16-0482,CA,03:59:03,85.0,-10.00,65.0,140.0
517,16-4934,NJ,03:48:34,109.0,0.00,30.0,139.0
518,16-0484,CA,03:52:54,117.0,0.00,22.0,139.0
519,16-3163,IL,02:55:58,65.0,0.00,73.0,138.0
520,16-1674,OH,03:38:00,77.0,0.00,61.0,138.0
521,16-2746,NV,03:44:06,117.0,0.00,21.0,138.0
522,16-0491,CA,03:47:00,95.0,0.00,43.0,138.0
523,16-3933,TX,03:48:55,108.0,0.00,30.0,138.0
524,16-3674,CO,03:58:55,127.0,0.00,11.0,138.0
525,16-0473,PA,02:38:59,84.0,0.00,53.0,137.0
526,16-0885,CA,03:36:00,92.0,0.00,45.0,137.0
527,16-1075,CA,03:38:09,77.0,0.00,60.0,137.0
528,16-0906,CAN,03:54:01,113.0,0.00,24.0,137.0
529,16-3114,NY,03:57:31,90.0,0.00,47.0,137.0
530,16-1930,CAN,03:25:55,88.0,0.00,48.0,136.0
531,16-0886,CA,03:42:02,115.0,0.00,21.0,136.0
532,16-2132,NY,03:42:55,78.0,0.00,58.0,136.0
533,16-1964,TX,03:44:04,89.0,0.00,47.0,136.0
534,16-4002,TX,03:52:02,99.0,0.00,37.0,136.0
535,16-2037,NV,03:57:07,88.0,0.00,48.0,136.0
536,16-0090,HI,03:57:13,74.0,0.00,62.0,136.0
537,16-2177,CA,03:28:02,90.0,0.00,45.0,135.0
538,16-1506,VA,03:42:00,105.0,0.00,30.0,135.0
539,16-2397,TX,03:46:01,114.0,0.00,21.0,135.0
540,16-2571,AL,04:17:07,99.0,-21.00,57.0,135.0
541,16-4341,CA,03:09:59,105.0,0.00,29.0,134.0
542,16-2034,NV,03:31:04,73.0,0.00,61.0,134.0
543,16-2140,VT,03:48:16,110.0,0.00,24.0,134.0
544,16-4318,MD,03:57:08,86.0,-10.00,58.0,134.0
545,16-3826,TX,03:05:00,85.0,0.00,48.0,133.0
546,16-2096,CAN,03:36:01,111.0,0.00,21.0,132.0
547,16-2395,TX,03:37:05,101.0,0.00,31.0,132.0
548,16-2181,CA,03:58:03,91.0,0.00,41.0,132.0
549,16-0934,CA,03:03:56,79.0,0.00,52.0,131.0
550,16-2214,VA,03:58:05,110.0,0.00,21.0,131.0
551,16-0891,CA,03:37:56,79.0,0.00,51.0,130.0
552,16-2164,CAN,03:42:28,91.0,0.00,39.0,130.0
553,16-0349,CO,03:49:58,83.0,0.00,47.0,130.0
554,16-1905,OR,04:01:02,120.0,-8.00,18.0,130.0
555,16-2910,IA,03:32:00,111.0,0.00,18.0,129.0
556,16-0213,NJ,03:51:59,108.0,0.00,21.0,129.0
557,16-2033,NV,03:55:58,90.0,0.00,39.0,129.0
558,16-1928,CAN,03:59:57,102.0,0.00,27.0,129.0
559,16-4348,SC,03:48:00,105.0,0.00,23.0,128.0
560,16-4316,MD,04:01:58,95.0,-25.00,58.0,128.0
561,16-5167,CA,03:18:00,87.0,0.00,40.0,127.0
562,16-0377,CO,03:21:19,92.0,0.00,35.0,127.0
563,16-0158,VA,03:32:57,72.0,0.00,55.0,127.0
564,16-0237,OH,03:42:01,87.0,0.00,40.0,127.0
565,16-3669,UT,03:47:58,94.0,0.00,33.0,127.0
566,16-2047,MD,03:48:00,127.0,0.00,0.0,127.0
567,16-0453,GA,03:59:55,130.0,-20.00,17.0,127.0
568,16-3796,VA,02:35:56,102.0,0.00,24.0,126.0
569,16-2781,CA,03:44:01,108.0,0.00,18.0,126.0
570,16-1081,VA,03:48:55,77.0,0.00,49.0,126.0
571,16-2783,CA,03:39:57,98.0,0.00,27.0,125.0
572,16-1481,VA,03:49:00,56.0,0.00,69.0,125.0
573,16-3644,NY,03:38:00,100.0,0.00,24.0,124.0
574,16-2772,AL,04:00:05,122.0,-22.00,24.0,124.0
575,16-0971,OK,02:38:03,96.0,0.00,27.0,123.0
576,16-4140,RI,03:19:58,70.0,0.00,53.0,123.0
577,16-0266,FL,03:43:55,102.0,0.00,21.0,123.0
578,16-0073,GA,02:58:59,99.0,0.00,23.0,122.0
579,16-2241,CA,03:25:00,121.0,0.00,0.0,121.0
580,16-0399,WA,03:09:58,89.0,0.00,31.0,120.0
581,16-2418,AL,03:43:59,77.0,0.00,43.0,120.0
582,16-1013,RI,03:53:00,68.0,0.00,52.0,120.0
583,16-0838,CO,03:28:58,91.0,0.00,27.0,118.0
584,16-0446,WI,03:24:58,98.0,0.00,19.0,117.0
585,16-2606,CA,03:35:02,96.0,0.00,21.0,117.0
586,16-1458,CA,03:36:00,69.0,0.00,48.0,117.0
587,16-0716,TX,03:39:08,72.0,0.00,45.0,117.0
588,16-1705,VA,03:45:57,96.0,0.00,21.0,117.0
589,16-1508,VA,03:20:57,81.0,0.00,35.0,116.0
590,16-3759,VA,03:33:03,95.0,0.00,21.0,116.0
591,16-3578,MI,03:33:16,89.0,0.00,27.0,116.0
592,16-0819,KS,03:58:01,92.0,0.00,24.0,116.0
593,16-2144,NE,03:20:59,58.0,0.00,57.0,115.0
594,16-0066,CA,03:35:58,97.0,0.00,18.0,115.0
595,16-3008,FL,03:49:59,83.0,0.00,32.0,115.0
596,16-4910,IL,03:34:56,114.0,0.00,0.0,114.0
597,16-0758,NC,03:54:59,76.0,0.00,38.0,114.0
598,16-1174,FL,03:55:59,89.0,-10.00,35.0,114.0
599,16-1466,FL,03:52:37,83.0,0.00,30.0,113.0
600,16-4576,MD,03:44:00,73.0,0.00,39.0,112.0
601,16-1704,VA,02:20:59,60.0,0.00,51.0,111.0
602,16-0405,VA,03:30:57,61.0,-10.00,60.0,111.0
603,16-2162,VA,03:53:56,111.0,0.00,0.0,111.0
604,16-0841,CO,03:36:57,108.0,0.00,0.0,108.0
605,16-2759,OK,02:18:07,83.0,0.00,24.0,107.0
606,16-0821,KS,03:32:58,85.0,0.00,21.0,106.0
607,16-0072,GA,03:34:55,82.0,0.00,23.0,105.0
608,16-1457,HI,03:51:56,86.0,-10.00,29.0,105.0
609,16-4191,GA,03:51:01,87.0,-10.00,27.0,104.0
610,16-3302,TX,03:59:02,92.0,-40.00,52.0,104.0
611,16-2723,OH,03:29:00,58.0,-10.00,55.0,103.0
612,16-2178,WV,03:30:06,76.0,0.00,27.0,103.0
613,16-4555,NJ,03:34:55,64.0,0.00,39.0,103.0
614,16-1432,PA,03:44:06,80.0,0.00,21.0,101.0
615,16-0220,MI,02:39:17,91.0,0.00,9.0,100.0
616,16-3565,NJ,798:45:34,72.0,0.00,28.0,100.0
617,16-3573,VA,02:46:59,44.0,0.00,55.0,99.0
618,16-1848,CA,02:01:01,74.0,0.00,24.0,98.0
619,16-2627,FL,03:41:57,54.0,0.00,43.0,97.0
620,16-3917,CA,03:51:58,84.0,-10.00,21.0,95.0
621,16-0840,CO,02:27:56,94.0,0.00,0.0,94.0
622,16-0679,MI,03:54:01,104.0,-10.00,0.0,94.0
623,16-1991,CAN,03:40:00,78.0,0.00,15.0,93.0
624,16-2464,FL,03:58:00,89.0,0.00,0.0,89.0
625,16-0839,CO,03:58:03,108.0,-20.00,0.0,88.0
626,16-3590,KS,03:44:58,65.0,0.00,21.0,86.0
627,16-0454,GA,03:51:58,62.0,0.00,24.0,86.0
628,16-0731,TN,03:23:56,62.0,0.00,23.0,85.0
629,16-3821,KS,03:46:00,99.0,-30.00,15.0,84.0
630,16-0614,GA,03:47:01,73.0,-10.00,21.0,84.0
631,16-2081,TX,03:32:55,56.0,0.00,27.0,83.0
632,16-3560,CO,03:10:00,81.0,0.00,0.0,81.0
633,16-4811,TX,04:00:56,80.0,-26.00,18.0,72.0
634,16-0842,CO,03:27:55,79.0,-10.00,0.0,69.0
635,16-0102,TN,03:53:58,38.0,0.00,27.0,65.0
636,16-2697,VA,03:38:59,34.0,-5.00,24.0,53.0
637,16-3923,GA,01:47:02,30.0,0.00,21.0,51.0
638,16-2680,VA,03:28:59,39.0,-15.00,0.0,24.0
639,16-1230,MA,23:58:55,94.0,-124.00,38.0,8.0
